Crop Name,N,P2O5,K2O,Water,Price,Yield,N_dec,P_dec,K_dec,Days
Turnip,55.51605406329864,38.79807972999934,42.37689280806964,357.16798501620815,2187.7515264358185,92.92933692037174,49.188014943542036,34.68175836435226,37.9350497270135,53.94606471637721
Beetroot,58.49892382977506,37.444256087679165,38.65658623484526,356.49917883713215,2588.6900045539332,102.60863829569733,39.82038160810407,36.526231523680735,25.700056825518992,98.81325904983362
Field Pea,20.01436612206253,41.07330529479932,19.480360476388462,286.887679803933,4862.054394960821,16.128125290122462,0.0,35.38965896888686,20.555784245779307,109.97993745511617
Safflower,37.380297860553846,28.026870728687285,20.952576749492973,425.05293784806685,5822.974902257242,11.060541518143268,30.583586364896895,33.74823876185128,15.560125953427402,117.68829614676402
Oat,71.40924439481591,28.06444785071702,26.453409952579083,462.08820308272885,2131.1010916448513,43.745348721896384,51.28447220039504,29.88716480096094,27.692722349427275,94.67440697950784
Maize (Rabi),94.23890704964042,55.3893071260546,37.40831533144857,496.97564071177914,2316.568653591697,45.893566332608984,72.86400452500231,53.16784978260087,32.54098334193862,107.12597282702221
Linseed,34.05137524491115,32.14559910684539,18.232750961850265,399.1107359093069,5839.148175738181,9.644096052478792,36.02626535305965,21.228289409436087,18.406871322571515,133.82779535625218
Toria,35.927041876477205,32.250017968743144,19.805575104934885,301.74742696846226,5499.715134643115,6.997654698239371,31.37921063253318,27.211211578254947,19.06148276876815,79.72882001986093
Chickpea,19.710375738454296,31.153323218802772,19.964222490348497,324.462795379899,5838.261105202499,17.804767838984894,0.0,32.7600389441686,19.432661321792477,109.97426082484739
Potato,118.29812257433585,77.97150696807698,105.10230921134891,444.6558950220751,1963.7970939617921,237.58742435914468,126.484439964883,71.6672652704492,90.88411541832129,114.97323423562086
Safflower,37.43575796431812,32.502392472116654,21.111697795493786,382.8880639826438,5817.671978423188,11.069123987775948,30.20758059285627,29.203330577021923,20.244288605249945,112.31929975149892
Toria,33.46765372538463,30.361509215033912,22.393509475225414,336.6545678196451,6621.984550624014,7.749048980728886,45.842380265636216,26.39384004281054,16.20666546081618,111.72058907441354
Fenugreek,21.86125566110433,44.083900407951916,20.038278636405238,301.5865846578452,4446.8307779530205,10.228696183540444,0.0,32.77990630652941,19.0527116601062,87.57022481610223
Mustard,82.03413076861777,39.3139409121864,39.995402676994885,321.7838487851435,7063.751828771017,12.353766637551734,80.94755299870141,35.85004711198317,42.67882792772388,110.07888339734492
Wheat,134.30664412642142,64.00653551374643,46.98771810800376,400.21792774220484,2728.0611316291,37.91176041584602,120.9283760989236,59.896571120638455,49.53084249471419,115.46419438651911
Horse Gram,18.46542714556,31.45602321439877,18.048382119323968,269.79474434386816,4824.19751289679,8.700663689190044,0.0,30.11950504972518,16.674342946899596,114.72252402556569
Carrot,82.8442776834666,59.29656867588636,64.25943453431121,336.7354285490703,2291.9024493251663,185.00359670923942,74.29570556845677,58.57280201580353,61.480808079752094,97.08400994261622
Mustard,87.44269378059346,43.50667224006251,36.19935012392058,299.69929930110834,5996.198712594693,14.650466977889565,76.52202307571979,38.77123032773935,41.11425630169152,123.75921223410968
Carrot,74.51880734522537,58.630625479525975,71.0351016688722,372.0022237038883,2421.084972204848,195.4242356892153,80.26616424171733,52.26337820128898,55.49635226091511,86.09505614530515
Carrot,78.61249955492008,56.97770952745138,62.114127912208694,426.6280191670352,2775.3481772424875,215.299293402593,81.31627178462202,40.480955429463776,51.69706104421223,108.2570656617669
Horse Gram,18.324623835481514,28.834696143715902,20.259833792932838,297.19427785072554,3997.1245220892024,8.558693072428609,0.0,26.682080482976115,17.393398952613964,103.91450943356615
Carrot,76.7004366307605,68.82128971484741,59.07838348054974,457.1441228601514,2507.020252277998,193.56212989153153,65.31912563985682,62.147240007194526,58.82943571838026,102.69150020035256
Bengal Gram,23.50090483222215,44.06470289425611,21.518653900152966,300.4870639788869,5577.076666636881,19.177261087570365,0.0,35.66109260869925,21.546843467606173,114.77143680431209
Linseed,39.99271978874129,29.70223888148974,20.96527886959496,366.0527967769085,5573.729418608002,10.177077415739705,36.45975283305824,28.646572505417385,15.446771801379143,114.59940131917017
Carrot,86.83778675181803,62.80703951024658,53.70515258376671,444.44100775844345,2881.79641387476,235.7154834687551,77.61064600265871,65.64481140023081,57.52398688341739,103.74632689744094
Field Pea,21.96672693798785,38.6056434269803,21.136264710736064,313.9584336789491,4891.311341923103,15.192760846426184,0.0,32.330762228382305,16.375668908124876,110.30435570171697
Chickpea,18.507842790412553,39.77543062465473,18.716071658816688,356.76780670015114,6380.560980202716,16.29280677105616,0.0,37.609589323860654,19.660442916933732,90.91316385736741
Turnip,54.32682108654469,44.279412486838,32.96685971079127,304.0540549168457,1951.564363031544,101.02256580474719,62.45978154585882,36.47532532083586,38.21567312192128,62.66437980907041
Horse Gram,16.199739045649682,26.537381569705367,17.932999915757765,318.8565890643289,4314.967582575114,8.514152924043396,0.0,28.88565769509029,17.514487408198033,89.59211695918825
Safflower,35.76015242644985,30.194169586688542,18.22873487674156,334.0839604049115,6246.07834980651,10.68153744582136,33.76779461774065,24.33817554529735,16.011331496831527,117.3968942723833
Bengal Gram,17.926323969640578,36.326095627477976,19.20495992249591,396.5978229915783,5970.709184182148,18.01244619829097,0.0,38.184361713994136,17.15245278417859,115.44604825197099
Turnip,69.02588683670908,37.49297770875955,40.747959713749665,314.70898127349744,1984.3291121015407,109.15798859322311,62.13823584341193,31.959471719426308,30.043970127655413,66.81296684490891
Wheat,133.1879953833851,59.772262255191976,31.84102123569219,470.32901380842503,2222.61953975132,42.95811853044087,104.7109345482085,52.93651076558338,43.02445146503877,121.06369578501155
Fenugreek,19.034872202512723,44.085042507208534,18.48279415776609,297.8963837396046,3388.2066378099757,9.466164620638981,0.0,34.439102285451206,17.643297159355612,80.04104309589943
Safflower,43.90794953007301,29.86224326464269,19.576311808977746,376.0846195669094,5352.448566811484,9.776497640808758,36.07508353598728,27.058305086612794,20.018765466632896,139.48433016647473
Fenugreek,19.89828994328812,42.42429918931383,19.99404423563956,255.4131217440456,3342.4725184571553,13.072955310999339,0.0,38.80364619962953,17.816637094613107,81.72502305885413
Beetroot,59.502554621108054,36.56261397887908,37.18772070950851,378.93571917079583,1829.7038233189442,108.62303395024236,49.82432669029784,37.337234633472164,40.09540978291561,87.72292828561683
Field Pea,20.781796816398447,44.538183544483466,18.332447747906038,349.102927703494,4410.70255751174,19.432734633468225,0.0,42.308245614569,18.722383852452342,112.17464992780504
Linseed,36.658495927618766,29.12827698196731,19.215819885689825,415.5026449533244,5600.071118271731,11.306160421148348,36.20437017566219,25.501734320603006,16.98588130613772,139.48919358080676
Turnip,68.1346318625421,39.11342522847873,43.61103770709163,371.1799679265525,1828.8445705762601,92.54906867921314,54.16186353548888,41.278003765076924,38.64330070499661,83.32395119810211
Safflower,34.98158172085547,30.269662568859186,19.209371746636897,426.0482045714774,5770.918085874518,10.593748427805648,36.53963002983523,27.49024416943923,16.20499559996489,133.02440659630778
Barley,67.31795165384617,32.96094489917385,29.898009790745327,371.7173826610659,2359.3016811430166,32.11401907804613,54.84197990978943,27.52198836089177,28.230938685498064,113.95441526430902
Radish,59.17701104746768,38.35885411166013,42.42083321988789,336.20608445010964,2146.896728430331,135.66604902281907,56.051119816364775,37.67701240494192,40.07677709570904,74.0210594606489
Radish,62.03261712570156,49.77838344788469,32.168209022846135,375.73162907148793,2177.593007754659,137.91923231228787,60.60602716322399,33.30521294513646,35.207421575890805,58.01248521358086
Linseed,37.16969144301635,27.967274371611104,18.859118466212365,339.9970314390695,5038.145402737658,12.90963906329374,32.420432337449874,26.28641532865676,21.204802457770974,120.40667290661547
Horse Gram,18.127939272067753,25.91352692366775,16.394608527116723,297.73335453926774,3925.455854441289,9.414804391085529,0.0,26.32302122046219,19.232296377362836,111.2390764558647
Carrot,78.91344212249673,66.3744311425202,51.16443578668624,386.1968430992764,2542.354101636034,198.7344790023232,74.53822820681809,46.48013656881424,55.17320839761121,98.79711500509009
Field Pea,19.07783616756787,37.888547497230554,22.711068379256773,284.5640757533391,4716.546846657053,16.501139682015932,0.0,39.74711853957881,16.68357338649511,113.97497050331324
Turnip,66.10041615241117,41.44492231718239,43.114857128612044,351.60263693859247,2146.200790322712,82.41173909986948,49.72025475887858,32.697164938278654,33.66629895335327,69.35982643357663
Lentil,20.291294315097847,46.53987269510019,20.586165185007555,342.5031551199112,6380.266437306193,11.464998906323821,0.0,37.03443284941771,16.97914120708578,117.28661127986814
Linseed,42.53273317863932,29.853114526964074,18.54738889527515,405.208931823572,4490.058985243395,9.091850334891404,35.73350729313062,24.27025991093403,17.30741908866431,126.98470341724222
Wheat,124.3770319318502,57.796388534078616,40.7117415062581,395.11484084561835,2374.35516310538,41.778454097494,106.27070702999022,58.001923446409336,41.83491657731783,108.22900871134289
Potato,122.3563460821684,78.89169857197672,109.90459946875374,558.6201114140181,2103.7581482671785,207.39269833462973,98.45171331073836,67.07256251601838,83.07737754289022,114.94091130543738
Chickpea,19.86766647456642,36.5880407568744,19.9034377811386,378.2159709521308,5509.926019793583,16.652684998581723,0.0,30.34411870378608,21.339701191559733,110.7375320119923
Barley,60.42492541206557,28.609764681720307,27.68255178763764,357.9634058105334,2070.6888832782693,36.40812383771546,55.471839816970316,29.883730614078054,29.602654558468934,104.96661545999346
Potato,120.61185277754161,77.38402901110497,118.31618908427326,507.6081911053743,1584.394724183628,301.18754067368576,94.87933822827534,86.04523248069398,90.33045825757267,120.97686518605349
Maize (Rabi),94.49037501575155,60.028586470060006,37.926824736437915,480.33469549468714,2394.7032140663473,43.414914136091966,84.00632243020155,50.12675590967718,43.821496067073,127.39725085709254
Oat,71.69863544495055,33.44139109455508,27.64481109262141,348.81059398418483,2104.209352021946,43.04074079624855,52.36954414690465,24.61372944223639,25.266322934437724,103.84553347301735
Fenugreek,18.689532997529746,39.201888965892195,20.139717054593504,294.27694540300524,3992.203946528129,10.101809944017559,0.0,42.39630688530224,19.249218217042486,90.69225875411259
Bengal Gram,21.108047927390455,47.0230951852888,20.039934164183432,328.0597878533541,5999.082474574879,18.109156162492813,0.0,40.99208662542141,20.24088900110757,117.27837270312769
Sunflower (Rabi),63.65686223112485,48.789482038835814,29.32828760041293,441.4066519632326,3902.3031064704674,13.132827364414073,51.18097800344161,34.688054271907966,29.017199969978986,112.90805141592188
Wheat,127.99130598540609,65.57607623656236,42.97009672572282,477.33810277330053,2416.906241712643,46.46607559377359,119.56701370045126,59.21111419841644,32.048329645408025,105.46901931153133
Radish,59.70854578682168,38.090111697922424,43.72013130962665,336.58805792707363,2286.0537357691896,160.29215971896093,64.98126082164603,33.96067297308759,27.403840178500904,60.05308857557693
Wheat,114.22219113289454,56.9737451813309,43.71092364975681,473.0297893470509,2155.5062662800933,39.1524020048934,118.7831172310689,47.32459005132269,35.77438699709852,123.4537363177047
Field Pea,18.61851990068007,39.93746119651546,17.790303376972584,357.43431499418034,4414.07150980715,16.38324202735067,0.0,38.13000163088068,17.582943340455316,111.06492961342651
Linseed,38.64932784091161,29.073820800424926,15.477607300495556,327.00685733387013,3996.1936675715506,11.011730527702234,37.67865208347495,30.627006826619787,17.116990522860792,125.73318189559805
Toria,43.19957353490473,30.42155279748927,21.963435725353882,322.9963122026694,6755.116115841158,6.397209917394983,40.776047227369595,28.471535077326283,16.87781767977332,116.27794821115316
Fenugreek,22.226251998948822,46.12588916112833,21.89180743161958,272.34466352129795,3894.0080659126884,11.467563919526434,0.0,37.8812839270132,15.676548007592732,88.57434311127281
Field Pea,20.76037822286413,45.2801646058249,20.52404005124979,407.65635327323815,4318.692672177097,17.414426580592608,0.0,36.52246447385542,16.286479841835952,123.30253231392078
Potato,108.38786456956491,87.233866999744,99.30848258910217,445.18673301981534,2050.9201296943443,262.8772817512697,127.61887008113709,64.00965819835761,75.06374499655374,130.65962013319503
Horse Gram,20.291195389539876,28.52261828349229,20.204353433517863,331.99287266447163,3427.027806240697,8.931133566765215,0.0,24.01357925052407,18.585298098354826,95.19653632231609
Lentil,19.619370109772422,44.61834082720234,19.681559095980766,382.8665741435475,6608.710273375587,12.56468435075153,0.0,34.73927998540654,19.17321266830761,107.00614579351642
Beetroot,60.61521125111279,37.7182587157691,40.88208780917294,351.2263841168389,2315.2272884366794,116.16188019185614,52.33568424806041,37.08913102403752,35.33830843154629,96.32768557431496
Safflower,42.288344728001114,26.48104510633052,20.601275398767974,431.86465898238623,5241.581188748915,8.962878612239269,31.690394121268156,25.300607438736538,15.905050237715194,111.27608138211963
Linseed,43.9749217075004,33.05453352293433,22.66997040035539,348.27879719030705,5694.923124505392,11.059586914542601,32.987269182511135,27.18280240520399,19.39613874645581,114.59429210082394
Horse Gram,16.80624499182683,28.68881557241013,15.992927875083296,305.2871390343199,3292.1650979644655,9.825428259476453,0.0,27.008342066614222,16.221680642026204,106.16159413959758
Potato,119.01588468081576,66.65563969522368,106.9734772764628,498.6382396587383,1848.7190025821976,255.94558006053745,112.43932998161182,70.8188560661524,93.94056014241289,148.15216306676692
Potato,109.91841861964367,75.37120563405678,96.57835175681616,452.47794332086914,1963.1154427499894,244.36038613052025,115.75223896833678,79.67573257479287,93.12835013794741,120.95293168154687
Sunflower (Rabi),53.320201030871374,43.34693030529593,30.96880904920363,393.7716072105702,3459.709516349205,12.343618602690677,58.0065605278988,35.37376457182773,21.687673955897747,107.19400631672498
Mustard,73.21466888411362,39.030271965773274,41.247433336607756,336.1395975344447,4583.964991435213,12.718441683754351,82.79283387283162,37.215076861984656,42.836537037911775,127.59961632352278
Toria,38.86831932509762,29.91388570539072,20.410431838824756,377.328031221068,5123.4132527156025,6.531596221982316,35.58435552935207,27.971705835044265,12.88940618537358,112.63309789835465
Bengal Gram,23.621461016482424,38.95439837561189,20.77064223085578,348.3973436457034,5648.420538831156,17.14609063223401,0.0,37.861288850648045,19.801672424691656,109.79619754485199
Chickpea,21.842164646489348,47.57300569963302,14.872772380192746,308.58316791818146,4733.512577221922,14.303357934404255,0.0,39.76612931112991,17.72011822414544,101.13347556178067
Chickpea,22.0343450321861,42.673239988510275,24.363170325329598,361.0663021631563,4155.309057169461,17.719593341924835,0.0,40.1294673614194,17.550790474554823,103.90099220251668
Chickpea,15.589613011037521,47.84857630377734,19.976729217935084,336.5845412252385,5227.26492154209,15.130917779091092,0.0,35.30758759126734,19.66687925557225,107.56815103850528
Field Pea,18.25636995774722,40.08367438269535,18.678353831112567,339.3667383501628,5067.277419189219,18.21104582115935,0.0,33.19942542805898,18.418392081483265,109.3048439390383
Bengal Gram,15.851049926615532,44.264912765936636,20.78222687094501,411.66277782015106,6180.064651358717,17.607906534805647,0.0,34.631634288668494,13.158732013629336,107.57053318838861
Carrot,103.60675319048838,70.50123110862344,61.90422633660615,377.0100708759496,2126.4145584176304,218.9332232312976,64.54722141498402,57.564112858765085,51.84354993674249,105.4315886540632
Sunflower (Rabi),65.75249987702307,36.2965577406884,29.71971365380007,357.7170299636808,3187.043090866665,9.83995325018156,51.19672442215838,38.35586982924016,28.418422029166642,102.79726403529872
Horse Gram,21.854188153229728,28.74898092118192,20.14945848686766,306.5562159155316,4664.462528264478,9.11624282959331,0.0,25.228444933903468,15.013178258069104,101.74738755621217
Fenugreek,20.966178758992534,39.50744272448614,20.805842831522433,322.1505655986475,3486.513503562977,10.025166386168468,0.0,41.89432195705418,19.699263713967582,92.70463011446022
Chickpea,16.367238665988054,39.066496326267185,17.97279805179873,387.9005525860148,5958.461136965732,16.70503763637485,0.0,40.28546653265074,16.544228789422245,106.96212282221217
Turnip,62.42405240465608,41.5521441431414,47.69884848004925,274.3946488363367,1665.5567112359922,115.4292520377426,47.08823171152622,34.710476143521944,31.323051727667792,68.57041211481763
Horse Gram,19.050632138743662,29.56725622067397,20.81310278890353,258.9750407598052,4065.9976587170736,8.926677976281455,0.0,24.94497645079814,19.12631809159334,103.8745733261841
Bengal Gram,18.151877836479443,45.69862147175706,22.085404996554438,354.8770376139331,5713.468611231059,19.098079075796164,0.0,38.02289556065923,19.82449875713468,113.2179424096839
Potato,130.35059835863692,80.49156242501745,88.49652089605789,458.7566031395434,2145.004129095749,216.13476103227714,104.74487934828852,76.87452226550718,84.66381570544075,133.94961991779536
Sunflower (Rabi),52.99256803697318,41.76512600596387,34.04455994452722,348.51713656753304,3530.2874486794117,10.340745178573362,58.698247691915746,36.16408329909663,34.4337607882261,96.88640159638456
Oat,63.15003384161301,29.702701517779243,29.829261797243326,365.6452591760473,1837.4629990874591,39.19190052771402,46.66716982464464,23.61888375032707,27.2012683423916,109.36555262044726
Chickpea,20.426550984020796,35.364076675848516,18.548005503147813,351.98617106920057,4798.104276086353,19.988109999681598,0.0,31.686233697568053,18.241921364857323,128.82990574819667
Lentil,18.60549717125202,42.65371086136714,20.541563409852657,437.24181637718726,7332.071666743874,14.04469637416842,0.0,40.77559572373562,14.398239268518084,105.43126088676406
Beetroot,63.44708419951489,41.05971794571035,34.38364500275287,381.7677696220616,2499.395232124734,114.37667163752972,48.94134731764723,36.653181572517745,36.91941641466357,94.07866980723436
Toria,37.660764435314356,29.09482157165316,21.489937971235765,308.58851268141325,4479.069462965076,8.327988726365184,32.14139534867864,34.30162127229319,19.58697074637101,109.5233439324117
Linseed,40.88975918920487,28.261398413738036,21.02217017475086,375.5166125320618,5039.334409942617,8.662469147697529,38.31019518824833,26.06529229231661,19.278489613260636,117.86027680985993
Mustard,82.78744970840614,37.83297081930074,37.26350377796305,304.13678411487854,6412.0743747251245,13.586131059233473,74.08420313630062,39.07370855422817,37.51678192510057,112.47576837096697
Maize (Rabi),90.73629586404935,46.70047006714685,42.081766494928566,584.0489457193144,3002.070674971696,46.92311714565458,93.80464606523776,42.80412731429155,36.783108834989605,107.36591633082482
Wheat,116.08410067516587,50.417065015629504,42.882007425858035,479.72490834937435,2630.7666456744055,43.33273788595688,105.24156533322692,47.92774544712828,46.42245275988448,110.56900318985025
Horse Gram,18.96098905958526,32.99172345159207,18.757121888039208,311.8175032949582,4522.640627060955,8.975275852187268,0.0,21.821277443549224,17.0521285777502,97.55700759108795
Bengal Gram,20.063350772176708,45.958417227089015,19.737203494418072,416.10257704626883,5109.359643974334,16.45637527625398,0.0,36.03486793312669,19.802604604302452,97.11955823727939
Beetroot,55.56111033996603,40.47084358256989,39.928355764609314,343.20291004904016,2429.4717724116717,102.52275284179012,62.39854824571133,34.98473780493212,31.38480987615756,99.91331657166631
Sunflower (Rabi),73.57092322082721,35.06420336619225,30.735080783128815,468.8158964420379,4391.637693655532,12.29041758191667,41.75702985736136,30.118947987828975,26.698026884737395,100.09235393321545
Turnip,56.778578312650424,39.88876017143918,42.83429420590074,348.704349091986,2054.8828698879283,106.73884774257282,51.21290348529267,38.61301171205196,37.543186056413575,70.45145518940662
Mustard,76.83157960379646,40.6177285820487,38.93289528700855,354.27134215961183,5029.582904616872,17.50357748345745,84.30421848896259,35.33106165061482,45.26754546457751,100.85375578358584
Linseed,40.066058381403856,30.059461185158565,17.77699890284456,330.6877767263224,5474.558475548021,10.461078169758885,42.117613157488606,23.952510603941175,17.60070816999974,113.42671398716377
Maize (Rabi),84.92132688343135,50.1377384059692,43.789991400117344,423.266983498409,2641.429068663686,49.857123369034305,72.31041855983143,39.26202225476648,34.85487819332986,96.7145305867123
Carrot,70.44930832120502,60.27889792976321,55.401874194323284,399.55613187588057,2258.327861609486,194.5443942648301,82.34106120179153,60.84024682217736,56.915325957409834,98.6728153227673
Field Pea,18.11620440125162,38.8733007633364,21.560034067241794,337.39654871637276,4369.328265993647,20.0808061116521,0.0,38.91902054861248,16.468823595104425,115.70634241697327
Radish,57.67167011490634,47.64658225569686,41.267216886780446,345.9271679664939,1957.5924564745362,152.78332705054802,57.833178697181765,40.55458354003858,36.518890643543784,60.951500541226
Horse Gram,17.170465620986093,31.56843682035043,18.53090510968812,321.8264626501385,4250.775637234354,9.104469353211377,0.0,28.796085236338193,19.73485500841209,88.39236574414961
Linseed,33.94805067970229,32.939739036703116,19.126152636849014,404.49118164762865,4482.64765444972,11.252600399241043,30.660106175592695,24.260327835253882,18.92817133171026,104.15822810839104
Linseed,41.43617707036623,35.19519619515836,22.25760041018934,361.07776572269415,5821.188721431265,11.067208737590027,34.003736784428995,32.97794069135523,18.502114148879155,124.798265870074
Field Pea,18.484322220144698,39.702493228433475,20.963822710636872,326.9457252542381,4716.156696609352,14.761350505802321,0.0,36.91848872613773,17.42275814136056,120.66057101782543
Mustard,87.41784405188714,35.184188904375006,39.3662466840358,393.8125432226626,7182.224073459985,13.87157984335274,75.40009923894021,35.665437033043446,38.83552244760111,124.019175231951
Lentil,15.229636646964055,41.00198736105842,22.26276355889887,331.37299719859413,6777.2916121724775,11.88904288537728,0.0,39.17832273092733,21.972171684487403,115.6883119431857
Safflower,40.27401169011665,33.04490922707741,21.68356502586072,444.833600581277,6029.662724461425,9.985231987507905,35.93783239654,29.390126808836612,16.712542710433816,122.97629995806382
Sunflower (Rabi),72.94379352266435,39.611192557823045,27.74732478145229,330.1166899296415,3777.8787809722417,12.76435715716109,58.05880957601413,42.659610793449666,28.119682793295702,97.99077633157921
Radish,54.284692829173444,38.79482458301726,39.14042537550774,332.93894573128864,2568.1429943452817,144.91453933249304,50.53958499690661,40.91685481318229,37.43368827800712,64.34816696895567
Carrot,78.53387312874847,51.71900582156496,66.20870240075249,499.5655704793209,2745.024181749664,215.22062650788996,65.15984146996132,58.21121664905791,55.83877349297485,86.7858778909506
Toria,40.40881483266981,29.5267029496375,17.73167343222844,378.46525457947405,4563.619434035597,7.677941993661652,36.41748919831958,24.639259608905192,21.089091865228863,119.87593617902465
Radish,42.20304185246218,37.02897121048857,32.04076889524208,358.33603133246896,1981.1050922368156,136.25262481959535,49.7353246167379,34.35536083590626,44.232769516624835,73.2727633452011
Potato,119.47351157722433,81.59481520891762,92.61843416136395,489.7316556007529,2075.308294919966,255.7369824997337,127.75983438637121,55.98100033377709,78.95138311277644,116.26050845327941
Turnip,58.681341077380175,35.70966466466199,43.21303785796797,295.52938161333043,2002.985004675684,92.49791962343319,53.949145951925814,33.19687598082862,32.47715825303887,67.59030010973306
Barley,64.80044375486209,28.845524834255496,30.100556095768933,379.65793723723937,1753.4843470098842,35.567083487982906,54.737936052269546,30.118275123923226,25.889506770035773,96.86049831177424
Mustard,74.86082018402989,33.09911799219723,39.58526891654239,356.07344539250903,5924.281199227991,14.966911769916205,75.54066407524708,33.91121656922384,43.852734411758675,128.7972229570524
Field Pea,20.35895566921477,31.77184936860072,17.827312137926466,363.2031537974461,4795.925171284867,15.455597824223839,0.0,38.0383299417956,18.983652171133787,95.83288482927622
Toria,44.07433786595279,27.83472056481047,20.790359966117403,296.50436973116956,5248.290105337121,7.612345118884668,34.324484889383974,26.45366858701849,18.92477815857289,96.64377776692359
Barley,56.97281787200062,29.98972416129925,29.745495783015805,333.69660118655844,2047.5491123311888,31.86234393701498,52.805725135254,26.417757760580912,28.125138791673635,119.79816663106594
Fenugreek,19.5439582152078,30.070699079436515,20.24446852315555,298.25131966250274,3998.7668916168745,9.833930828559751,0.0,39.636254923637786,17.336721266119223,80.1484092621516
Horse Gram,18.921115860773263,31.531881527125908,18.828232664744156,302.00817512586406,3756.1357104242325,9.156630758695123,0.0,25.713860769002927,16.102874130265413,99.71624257814538
Fenugreek,19.601072757896056,42.61125450526723,21.35131962885968,284.5485536639505,3904.402516914046,9.632036315158055,0.0,38.93186847534931,16.405625011940028,96.35089272213673
Beetroot,62.540590260769854,39.310129716581,36.08645222770295,417.6107803492374,2663.7574681707347,122.96082991236416,56.02658711906931,38.93544900445644,41.65827315823005,92.64979151376903
Beetroot,69.8022293450304,42.24270497950418,41.44531796580483,330.1369590845003,2506.7254295155285,117.17247488356605,57.36712401761643,36.31071794249265,36.2647214245085,91.19025539822995
Beetroot,59.90142747651921,41.47096155014725,39.656343184095036,395.58317618687505,2522.313686129535,115.71425876299944,54.23910253780493,41.46623453296918,41.01238688103267,76.4926401051157
Beetroot,55.0115433992089,41.0533155453642,42.09150487917595,302.68264942452856,2491.8735256791715,116.70711370537502,52.55453461173422,38.6115972685634,35.93513575668432,102.52166482062452
Sunflower (Rabi),59.790772522817704,36.335686350020445,28.738240672159073,370.801335210989,4028.2232635822143,14.206105811478155,48.181375633284674,32.84907383038531,23.37577998904422,88.21214368796724
Linseed,34.392003598997775,26.810901851631264,22.689392241254502,342.79261606710793,6038.0229542009,9.244956640839359,36.32780013950835,26.544257188465377,18.15265771363091,118.36297300625412
Carrot,91.83217022206412,62.95895097459533,64.15972691603781,437.6230734049782,2413.9501695202707,205.1474560640587,62.83167033642626,58.326112520366294,56.19843044381333,95.47639496056152
Fenugreek,17.233005917266834,46.74848753263994,16.57342380417362,301.8705451198425,2695.170335112245,10.724989530243246,0.0,36.908517033614324,14.698937336305157,83.55594519327742
Maize (Rabi),92.71868269379483,50.48323005860067,37.70284156503999,532.4955429430044,2990.331182929832,43.2006848832979,85.71196105077483,41.495312388846045,35.4113283201046,111.83476182431804
Radish,53.55066496554324,42.303230558726206,38.085393441996864,359.17958385520075,2156.3287738760296,147.40738748471725,57.49351409614702,38.928088767776885,39.505197895538956,67.70093468409061
Turnip,61.21681456427051,40.92509098542814,48.63495600119992,338.94169732627864,2334.602552557679,109.0293992274895,54.76344175416376,37.085354983936206,35.298688649595476,75.44725127850337
Horse Gram,19.798967743308975,30.188768264274202,18.34531514749921,361.0591709208448,3547.6491685678125,10.87593476568186,0.0,27.573762061206892,23.03948251349992,99.78037029968827
Chickpea,19.584916824366353,38.82818685075865,19.61879714571488,377.34454319828956,6070.563128292021,20.225772426237256,0.0,31.101830084585977,15.43257020205055,96.50154180144939
Safflower,34.918204347629505,31.48581932666538,15.507844279030703,388.4665144276292,5776.320595440318,10.874303113231758,40.148013860051684,27.12267644813513,17.129238351302543,130.21415245797272
Lentil,19.60691899684081,35.414741319422795,17.244476484745583,319.80993583106863,5016.145771877128,12.534701233380762,0.0,33.15090839896404,17.487745376126174,112.06748144969
Toria,34.690789707507136,33.452144664014206,19.58289917523441,331.3046478774765,4728.572166064405,10.83333070517363,40.879591910399895,24.36453343953059,16.249204623326733,93.39497059836222
Safflower,45.33948779503966,36.923437815291074,20.43279878672893,415.4011707950541,5935.84948840068,9.824080008411556,39.26618916833799,22.00670110888742,14.839230966755927,115.27456844689826
Horse Gram,17.62570469644279,31.338698511871524,16.155323363428582,307.75864177814094,3806.205899644021,8.591427519505705,0.0,29.047111479046478,17.93992441394849,116.98601758155019
Lentil,21.28873266656224,38.56479813042498,19.356711860509392,328.3792555446808,4825.897575622824,12.752375889768148,0.0,40.4682499009483,18.43539193167384,112.37765744155773
Radish,61.88803761251207,39.13249473793678,46.33783683825256,362.86383464650925,2329.6996125682044,149.2219506365695,52.56086610877979,35.4478978713635,36.757056494725546,65.33729148763652
Lentil,18.92799473007995,36.86881698515278,21.333560489822673,271.6261947170114,5470.10952381148,10.578451534825302,0.0,40.13262580589493,16.20210706149289,125.9734099577863
Oat,57.167043183386724,34.34004258477103,34.81042750157883,468.77318853225006,1562.223250344958,42.810537726343824,49.793811218725075,29.26229435833634,31.035615420894505,100.99165677762188
Fenugreek,17.864455703393094,38.286470343718264,20.32085944857194,284.170881763269,3710.915292615534,8.449583670410844,0.0,32.76134334977669,16.495236689047392,81.79659192481549
Maize (Rabi),104.0370243925796,53.818437008231136,41.27492358582708,488.0191896634905,3206.218511423557,42.059536386416674,84.50427144771136,57.75899886744347,45.24153293614366,88.83233678193963
Linseed,44.09278368171063,31.9513320688413,20.476164727794146,378.4560974160401,5815.156702696804,10.234866194556744,30.462918294695054,28.320534542058333,20.120438826711748,125.26032137104926
Mustard,75.1599514922145,42.21850915774701,38.043029628507945,364.5373203410047,6063.361690142112,16.356844436603307,70.8861781852813,30.449412079648674,39.51887657341658,110.78926278068356
Potato,125.13264743296442,78.29774730902209,117.54018291339744,541.3339787047092,2362.1915026714723,231.60785075236802,94.69710282266564,78.22508355968098,66.68122749513148,118.61712551628158
Horse Gram,20.953845955916236,31.909417808981818,16.71721417439832,286.71106695485423,4141.359515709386,9.205653902149999,0.0,28.583952321031692,19.4054953159063,90.58238130761367
Carrot,62.568140052615234,62.059896942546665,63.11219058893943,412.8567937363023,2655.7085825376557,198.44891427805945,88.5404466366721,54.169016985684195,47.83228522717862,117.6044011191212
Barley,50.609969648349725,28.615091746398956,29.97429046074833,436.8114379247334,2021.1651082566173,35.14994538921889,57.74639205080759,28.75287151838627,27.77180059146313,99.50442553394839
Potato,108.68667999601318,75.20817782062011,114.99026623625727,554.2947952342744,2147.083662050349,226.2016000259137,106.78947097806649,86.3046565025693,82.51552219011539,110.3615969615575
Carrot,86.99083025694108,56.995463616934394,55.89174242054286,348.1782749138341,2169.4827596406576,171.4557903605591,72.19411444191739,58.17598967004668,55.700517584038145,100.38039675614625
Linseed,42.06673185200404,35.168729714059495,20.257613408753762,377.4363576861848,5474.456795969052,10.392274624545104,32.897668992837495,24.38804368191721,17.656173186797584,122.4289229641882
Horse Gram,24.755718500895888,28.0683892937982,16.85355222636132,252.96482269241721,4089.6825553438625,8.354854172492436,0.0,28.480314070477206,19.25050455745508,92.98013743455913
Beetroot,65.38714947999483,46.44298270323136,44.7786615231975,393.8807163512958,2331.185182755596,108.54702729382281,50.866327421741374,35.4048316010454,25.38522946053589,84.41270672018679
Linseed,36.409929460291295,31.048024648565963,21.47631924583273,364.90835814187966,5080.711851180432,11.418270828889781,42.00054160182093,21.919202218836965,19.25701470993507,127.3735599977656
Horse Gram,20.672710742114866,34.80296375798989,21.71651830923808,247.89105751666028,3908.8734407286925,8.782929296114522,0.0,33.93505973531336,20.74058756232944,106.61701383689642
Sunflower (Rabi),56.79920548557965,46.242374384542735,32.030311301031546,411.355010616892,4085.783989147779,11.825308241779812,50.861499931420425,33.38337330206755,27.85792290858297,99.79771976915823
Linseed,36.224180516579004,28.781645211032806,19.44081034865771,303.9066794793629,4418.623780659958,11.532644489978367,29.079143156711467,23.847978868943947,17.76448656619256,112.54948582992832
Radish,63.90740939504004,44.19138580169092,46.020034107914235,387.1586709964487,2187.5688429479706,168.53565422892245,50.95426248498752,34.09754902951555,44.27747744842971,72.84741246689549
Field Pea,20.226177258932204,43.61851032631636,22.44250337606349,278.8441600581791,5554.07242012047,15.932179402251814,0.0,31.671591991500186,17.679192204440167,124.45256764417645
Fenugreek,18.97653228286859,40.02811847462907,22.34587673156787,292.55036931178984,3511.2602865231693,9.635546060307533,0.0,33.88355314186629,18.611885485174586,66.64367024444033
Barley,61.354826541323746,25.469072436374283,35.947370966526336,394.0490034657097,1668.8501838679604,40.33932396195995,47.161556352015715,25.302351250465907,29.59114316723294,103.54380847359913
Toria,42.00261531585358,27.13391184608045,20.34576248819273,337.48747994086654,4705.4069270235605,8.884543754503365,30.38603272958914,29.199790856844007,18.457478137966213,109.15737456414728
Carrot,65.39263830738824,51.89319390869293,49.32534459683053,321.9103017693517,2936.2597620314073,200.95441244222675,64.94554457976915,58.8459983328548,55.52481735501291,94.79905892571216
Bengal Gram,18.680970888460838,34.10718176523563,21.90442665676692,357.96608368347535,5684.877340656463,14.647941917736661,0.0,37.33544062781736,20.758489017052135,105.25826252486809
Potato,116.76833156246161,79.70478403536103,107.37377403809982,535.0782380974715,1625.13733049224,209.3836309684291,124.1473445682602,71.64083285445571,82.04165465351038,120.73776605463993
Wheat,142.54949125970347,70.74031206589959,35.938601638987706,388.5494784362725,2716.5661010397616,40.556522977646175,102.35440181665545,49.50885759349606,43.03261019292588,120.87017950105059
Sunflower (Rabi),60.41964908591015,34.210425127307175,29.480890200951457,305.03119711616705,4057.7204228032715,11.476304833997954,58.61028239748263,36.82305986369631,26.972003557454457,106.51203144035757
Chickpea,23.532938150822677,46.477225751553526,20.404561973728338,344.498985908447,5690.165946255147,21.902454407464543,0.0,37.193520259683474,19.23592260887558,109.06687070263011
Barley,59.053692580962846,30.553244508349508,32.8575110025066,418.8312655174295,2363.9942652331943,35.39350366062145,60.2450410017912,22.811836616386913,28.992077985749226,115.12786666733987
Barley,48.654728176971666,28.282102582346738,31.045625778496603,441.91084656392826,2024.7224691053639,31.025634895166426,58.93908795368455,26.314003024245412,26.459720587345313,99.0957078403816
Safflower,43.36042352944229,28.455895046450156,22.203732367771238,381.839573482311,5569.500467664489,11.254359481171358,35.394839323274205,21.852398864389635,17.559839456706197,127.32563744228992
Linseed,40.1864925020308,35.67305017476364,21.758564734907385,332.30911972210345,5620.949512791178,12.27363468505923,40.66583765294456,28.760100825403875,18.062875896878133,118.65878744511613
Horse Gram,23.139926818726362,30.020142034699866,21.735806482900433,332.0263531460846,4133.422738202944,8.410859394755946,0.0,36.14816952913669,17.47676167058752,107.85024002556588
Linseed,36.30089614446665,34.36895650802168,19.276836017435162,377.4022332937355,5216.983353843045,11.245653916313062,35.73725598388112,28.965739004842018,15.839457550078178,111.42973637085932
Potato,113.69506476113473,75.63735977377763,106.19052300101902,504.0036114755506,1977.2902247591462,249.8365290302194,108.44654473713729,60.116802652186756,95.50765548766749,141.15198367874234
Safflower,40.6224866944133,25.938373908823294,18.221469628774614,370.7235546444011,5777.094920754354,10.199230237908704,36.326129356625685,30.14277329610848,18.255237806178037,105.71413665408532
Bengal Gram,13.426483392149793,43.09197555198327,20.07719817096346,338.8660439907662,5880.8293250383595,19.609722756739586,0.0,38.56576408281695,22.176463524093236,127.67280281564047
Linseed,39.467611786332384,35.77843941844537,19.837765680885376,360.3226508917965,5329.120164700492,11.795709963327402,37.24491101548173,34.045383834683186,17.52178900292032,136.93097417246815
Linseed,35.26091892130768,33.58365078242939,20.736827811015527,383.1756010607439,5565.812849225009,9.928513490216572,37.70485075996612,27.76213074235565,17.084303367554835,106.02147525130012
Potato,118.85430375831834,64.03691138372868,90.6069986273221,529.1343202135367,1902.1423991456156,259.8032496568495,128.87310202602887,66.52872952218934,99.97727948830575,104.63615861737891
Sunflower (Rabi),57.5599665940806,36.62225407440125,27.800867610931736,389.48516915528916,3939.721031896223,14.257055888230186,62.33361989945712,42.74115727808498,23.89149868521882,106.31527213512058
Fenugreek,20.794841808004133,41.32608841022572,22.53697894658854,347.89717622901003,4156.213006926441,9.546116962367535,0.0,33.76085033981911,19.108395693573026,85.73685889930948
Oat,62.58854726689863,32.054407126806296,31.37129063241479,358.4262748068705,1981.2523085273942,43.603340727457514,54.94317299102812,27.23748921845041,27.463898434509893,121.33269009726297
Lentil,21.87201761065808,34.54852831328354,18.092784395965705,395.1641849764316,5740.3154837587,11.19449730007103,0.0,46.29320350871221,17.29441876386403,100.33641357381723
Oat,62.024123584300106,24.465923137883983,31.388763960611442,406.1716149522788,1785.7126920227593,37.80635613346041,56.92003024756701,29.230053944381794,23.968910330656318,111.28321432598688
Mustard,100.56285004444493,42.7048150437973,37.56400663467127,352.12078036377534,4922.202576551129,12.834803741688228,78.64986937477634,32.35671643454158,34.33388071674829,122.20355238762502
Toria,43.963593883093864,24.286796870468105,20.875102674501438,356.4063170261332,4463.515552317724,7.499272697214098,39.739666981939166,25.854953021927614,21.214999981567168,90.39132891859029
Linseed,38.2561771216212,31.798061264424994,18.340333643869165,368.52399173407093,5332.581692128937,9.772148370264034,38.48599682589325,30.791270650206958,17.978697422120078,122.3622092456672
Turnip,58.048298417691136,38.887571493495386,42.2941517858361,378.91982606383675,2214.674366802219,83.27804203859212,52.44362360974402,40.160859256715916,36.35471438273768,72.28166022829853
Wheat,136.78578620277648,58.77162738504185,40.778336201568884,465.10806611263166,2460.934357443846,39.899636902238356,127.63786349247019,46.3611151623243,30.156911675055955,118.37145722671094
Turnip,68.4757107539753,36.84877258461986,37.86426375739156,347.9649755840753,1943.9847366931294,104.59230453427587,57.66116445195442,36.13916188206171,41.227573918892766,72.42518616551244
Toria,38.09350354469947,35.1161085395104,20.795783590507792,344.4046847272113,5017.27278761881,7.6094383846258715,37.228254791870974,30.299012869131484,16.28313953063178,92.46395416382389
Safflower,35.544545326883195,29.4449866841497,18.18447578366862,318.20272100189163,5658.166578614403,9.362626113523191,30.892729289278407,29.387260964404998,18.283924787585043,138.04616248675077
Lentil,17.659190004032077,42.29606737808756,19.482373516906048,381.8384062126185,5886.518247283571,11.792099326024445,0.0,35.39101614650183,19.170007351829863,112.84865455468842
Horse Gram,19.80717205864377,29.643540403639353,18.845311336392776,298.851408228242,4366.379148493252,7.8523609362030715,0.0,25.82147793934262,16.431585114560423,90.64907448870707
Bengal Gram,17.043958077066623,39.296415215152535,18.361953919616678,410.1766583544809,5037.59505502299,13.035298467553984,0.0,39.83127389989401,18.076397123974534,108.70945055203404
Carrot,86.86421265281777,53.58022718748348,59.81275411022895,436.1840785003637,2254.295645316302,198.377579560887,72.23809103852172,68.37126312487084,54.42306835799712,88.30782150947702
Potato,123.76197890509478,79.52836278342876,108.54749118658292,523.4612481098471,1961.0752300875322,223.51844348062804,128.76277527631672,78.74888068853275,94.89318346179158,117.4319630816751
Beetroot,69.00156974859871,47.13788864772263,44.38221964144692,315.43336261337294,2318.2063696896,128.0875835604859,64.218754029663,32.61002284202301,32.802043401846575,98.02410218587173
Beetroot,74.02540214704237,36.32799309210982,40.86296087880025,359.576001580537,2132.0025472414063,113.10758030441555,66.62904740055323,36.994246698205146,36.06800352075976,82.49609435979356
Turnip,63.1539307886225,44.49450132323098,34.903919865208735,367.6945423322735,2308.6425217101505,108.24102741561639,66.8429141952119,35.78456571487196,37.52712593056617,61.83068035941864
Linseed,44.40488061768851,28.112052765396268,18.334125663822306,339.0169567836663,5422.899916570066,9.737702264893652,42.77902904128672,27.16957122978336,17.97405876522299,107.05159683104344
Wheat,107.53063520088084,52.490993322839486,44.094318551815704,453.44495227700247,2629.1027354183407,48.62295503336138,91.90095486687227,61.74741651193126,43.40619607336409,111.97422108091581
Chickpea,18.500491604663097,40.13119187482983,19.326541857596084,348.18442377400146,6276.174935189602,19.913405548711726,0.0,36.68524218046877,18.769019903546834,112.51174260840955
Carrot,85.70138451815951,46.697924917289114,55.663735476449204,332.5130517018833,2249.4780526709937,198.58777520838672,67.74843129700068,61.58734630642118,52.459675006414244,98.99841073750397
Carrot,75.55576031697892,60.9519014903181,63.80451503555927,349.0440253124036,2883.1484218509204,187.04175601438686,72.72278804010664,53.20086560487366,54.42479248349722,116.01726131725138
Safflower,34.92601317328518,32.19621751470568,19.761963568424783,398.9591512969592,6750.714391833818,11.09179256027258,37.06231997318102,28.463994939251226,19.368112652681393,126.08073876599737
Mustard,80.62041574807525,36.67732800060239,44.49861616665196,286.0833858117004,6708.3513632680115,14.347628498207282,89.11762996888434,39.454424411647175,37.71388269276563,119.82528512145666
Safflower,40.71099901459655,29.888779563120657,19.465758895082,345.783439433916,5930.717085637354,7.070014281607218,39.710050707820564,28.241248418429397,19.65857433246186,118.38656892170316
Bengal Gram,20.492406922575054,34.90030293163709,18.721081906199057,395.8944013271539,5973.914553307367,18.51688490895987,0.0,38.171733958291185,21.05322386554504,102.03559792704088
Maize (Rabi),87.7159662141765,56.39511537127389,42.07905473222766,497.49815093751033,2450.69146838475,34.542013826355955,86.5438195552683,45.75324703833353,36.57504565817676,113.16262116294892
Maize (Rabi),106.96601114064187,51.73725759702766,29.030866243313618,541.4224142549457,2896.8580313242096,38.62840628975101,83.91473032809031,53.74348781801288,33.406276227617354,98.63961848973948
Safflower,34.20742309110355,27.097199303025043,15.915835454478962,363.3827329002045,8016.907500247614,11.42664544828253,35.86551587416339,22.740350342422552,14.848843316092815,108.66298986207188
Lentil,18.641931182999926,38.15948450719758,18.049314023093917,348.6221966709664,5695.952839745301,10.916476784217158,0.0,30.137827150860574,18.967834404789766,122.33630102508556
Radish,62.4563431227096,44.5921677711853,41.29092030425422,370.5613729061997,1723.5947816055586,145.86000978741396,51.65148942159122,28.788180006837376,35.019158495870286,74.22994583340851
Barley,56.19544963431566,32.3077461765068,25.5401015084347,421.1401225399044,2064.692521449841,41.27361624084483,54.18589525228141,22.207772196522267,30.687735724302122,90.85877876204655
Sunflower (Rabi),64.2158879909513,43.805368668132246,28.245290548049045,434.57985055793733,4025.6421186835105,10.720888889940873,58.26622322664027,33.01487533618379,30.90203857985886,96.70396301005214
Oat,61.82766313408137,28.701958382789627,28.111833427888552,341.0669075167731,2211.5051304700246,38.14262790580218,62.29349896844902,25.87288205439947,26.502899312007944,98.88897575059625
Mustard,94.65116990051838,43.83371098200916,38.4163724900771,403.9983935993196,6746.817345314312,14.375083770338277,81.57837026550264,34.975688472226324,40.605154039918816,128.19902947874004
Sunflower (Rabi),67.20890842544186,48.01311503434134,33.11472366232185,383.9193421650725,4091.0123062473617,12.691084805738935,51.020311867791015,41.03218018286441,22.636346120012355,94.2376386409077
Mustard,75.32221234902072,45.234759549429754,39.794252977789334,329.49276391356057,5690.1069681397175,13.092354285452915,85.77111262619611,34.86379473369198,40.00059015883648,136.19067113715718
Carrot,67.41775993878237,54.970187232672544,59.94398256293319,334.0075456511966,2212.0945989607867,174.95678200225748,74.89557636646558,58.28635103260392,47.58388600099491,84.7390371751903
Radish,65.44408630818073,42.81815385623585,38.878946241202044,377.0295405730565,1698.6659131654883,127.87629992198742,57.588813697639466,34.81105145404128,35.993279312918276,69.62504953941557
Toria,47.28081001169909,32.52511372500717,19.47040053607395,392.87097318734885,5167.426752500954,7.992128230426301,35.79923810961163,28.915520294100347,18.33519901506287,94.57953923805024
Wheat,129.0128222784367,46.88169602526494,41.05355055470971,456.9664892791171,2611.8781650787523,43.70944659363914,112.51361653783479,50.04142096604359,41.6775296213102,119.0622337151064
Horse Gram,18.872320374555546,27.150818174260497,18.00168716190382,302.0073708018469,3911.425492372596,9.158107980500237,0.0,27.824555849081232,21.307603418372665,94.71393816433363
Safflower,35.67580551401362,33.92708346321959,23.527876563820463,453.9649943563379,5951.273555841993,10.077986715754998,28.1311018583915,28.30390722675521,22.285031557958344,126.16136469522478
Turnip,68.73968733539542,45.717457827817135,43.93395013573688,265.3368773306173,2083.636248771809,116.39172059349313,46.460524445742664,34.179761565974204,34.47388878719808,67.10586034916007
Safflower,35.26812723040667,30.68449686897325,17.678461098578573,316.1069989685002,5425.5166812769985,8.90961944575748,34.82686094519652,26.17342916945952,17.740767787519957,128.42155557095145
Potato,120.45195780865464,80.02522683482958,111.03692220165044,524.7787547247901,2371.610911823628,266.47222114557144,113.34153037913792,62.03351685744444,82.04394463049098,147.35327509800445
Wheat,119.49483079193278,70.60009026999413,36.993933164801234,496.0045921585892,2611.4035097774363,43.96192107758402,103.50686611634792,56.52222785553161,45.54975090020436,117.63910652466276
Barley,63.410015471332116,24.381109354107352,25.004062501218865,411.8538883696736,1746.6430578256302,33.83097606895502,44.38593675036981,27.573741368683066,23.541780837410307,111.4147743115797
Linseed,37.414652016165384,29.89940211648228,20.1151466863614,339.3113451784802,5607.239008865342,10.710523089252868,34.27580137318911,28.21725449603262,15.590518109983122,115.1474623018467
Barley,62.227927730579985,28.668742232042508,27.95983312989722,388.29529392579957,2118.6313812032336,34.02966569938393,57.04378630766917,26.836886911712384,28.605495664425717,121.7399035822475
Wheat,126.69713982613241,62.17605125558584,37.7198189596364,435.66672634882866,1771.6442375418558,46.973098006610336,108.29093595743399,60.321687243252015,35.937409113653004,117.9722686975224
Bengal Gram,18.085997198794672,32.76658415200846,18.351401937219155,430.1673354356929,6370.612083177734,20.190944679453136,0.0,36.57587323713136,20.456822686510826,101.72108607869515
Turnip,55.03096627940778,39.317486879879915,40.85815095583536,372.0072896626309,2087.9122428979394,101.49223416170138,57.469918798173445,35.11905125270614,37.586769831099616,64.66641862916752
Lentil,23.32242554746864,45.99898931223351,22.96185323165733,387.3923913166947,6773.475244483287,14.130362599246041,0.0,30.57173765479089,19.231367954588976,118.32597348445019
Radish,57.43973103854203,37.68186085484316,36.68496466875656,336.5314648230158,2307.239885201616,161.56856073854493,61.80210945169957,32.06225515506531,42.900435587289635,69.20420015315695
Toria,36.21990930795063,25.29777868028756,19.095689845411254,368.87921295343284,5356.308480230646,8.702775347908489,29.955788231914497,27.634551879911054,19.623949343326554,100.97330751522388
Mustard,67.61400012594547,34.45201851547672,43.449338432309936,338.122583096528,5585.770460756059,13.352542273671947,78.5769328808784,35.45607278912936,40.57176833932159,114.23050610542413
Barley,63.58400907790476,34.11451637824589,35.325525174554755,389.88179426819045,1735.5446608689479,36.09273520588715,60.35192362156313,30.25340957662712,28.304111819819106,115.3943531442695
Linseed,42.20525938156281,26.445653066129594,21.252180960166054,372.291242625498,6761.93489038758,9.965562475469792,33.86898218366581,27.468976983764936,18.029681671143837,119.47933087271481
Barley,60.32715882303647,25.843260917462914,31.06876223323697,391.090104006127,2018.9477468899565,37.3216233102913,60.30302350214671,31.983533597069943,27.59243420652704,112.35119281240712
Safflower,42.34467001717569,30.307826862231845,20.42643442888967,341.8887246970884,5448.325943306505,10.321054606860798,38.35203300216636,26.645845144788527,19.774607403078786,138.9251348479682
Chickpea,17.738079843198022,40.647522544104476,17.942593455013782,368.60059161579113,5615.143581474733,19.46724300472292,0.0,34.89042357052052,18.752316418219518,110.17312927857223
Radish,60.5764971713453,37.37193533456658,38.18773145081048,330.5306228146748,2119.3098443604235,106.16421708224989,62.673601689465926,34.09519941239191,34.93677134514232,67.43290017931346
Maize (Rabi),97.45663815612393,49.05305842331205,33.52838019119438,468.9100474236144,2643.9868224299166,39.83131266960809,85.91300283395388,41.951965175304295,30.98581800568827,87.60642730289881
Horse Gram,22.241742438748943,28.062873639689165,21.990743170318297,285.11629348284396,4084.9588214075507,9.371851800099744,0.0,28.40739205794654,19.742971700684702,104.61122708876384
Bengal Gram,21.937631393281194,36.9155746121472,18.40638488739055,336.35527289159376,6246.912712402202,20.624599733559762,0.0,30.456264567383403,16.52779085601909,134.7393294335274
Wheat,126.08574226490946,43.36734896920144,45.02515701021922,495.27904342136003,2649.5684205641655,42.607304058896645,124.53731801500952,63.115437297210505,36.35793353032582,107.34980520787526
Oat,60.24162376598622,29.71060811438586,30.52829426658981,439.86102229037897,1985.2404930147936,40.458631619494845,62.22991885409486,27.81225599390978,30.93303335517314,121.84659451128125
Lentil,19.904445877889124,37.90169749556721,20.149796432737222,332.71863419522,6125.7996200068455,11.095353227946608,0.0,30.27941499200493,20.20519584348093,106.69245157967042
Maize (Rabi),92.44914977324126,50.23783801688016,38.14838626525136,518.9315037960758,2656.555069921192,45.74638825016638,119.24122051852457,35.000104850478486,29.91314548925621,108.2112281445937
Radish,65.70249303668797,43.11148927995839,40.78305580215089,325.68741521004705,1893.9437634380488,135.32894554342795,52.19004270447889,41.334750249313686,34.59806140795107,73.16535362462669
Horse Gram,21.227707617779895,27.514129210038845,21.115216607246627,379.08080793519093,4244.913988584895,8.3468801860442,0.0,28.162068793422684,20.390806118765898,101.67559154772059
Maize (Rabi),92.41055483888653,47.405416636682254,38.96031311022095,484.8061955406728,2494.724112246691,34.330803960832576,90.21389497760848,45.142179590062646,40.80760959072924,124.96569750694485
Lentil,17.585079562759894,41.076880546104924,20.272571254686504,356.6522720396188,5774.895730455325,10.720287438221087,0.0,36.44768999686141,18.066185439221243,128.23711322608824
Beetroot,66.55259408612923,49.710158650656815,41.79499096508205,359.42614531899466,2470.3056775707846,127.68186910875497,51.973681457118516,30.53618494243881,31.967266050337123,75.71846866359584
Field Pea,18.695675403022896,45.27131519147215,17.805431254476517,366.4057106190929,4670.740466468232,15.364272070250248,0.0,28.010557559395043,20.622867554821198,90.98646082443233
Toria,42.56381026670239,30.613781035125964,20.277809471281046,390.246051812512,4695.593682973478,7.495133599127848,38.84213517186791,27.13111750954237,15.767658225415818,96.50594763995224
Mustard,82.96944476691627,35.92501480505541,43.98529673444401,329.8748304577047,5239.525218827907,13.740330123616138,80.68808380491447,39.017716838658416,46.969929025375635,97.85969250281661
Chickpea,20.149185087250412,39.323801373733666,20.582493143705612,336.78170795825946,6519.555967990222,16.53109238592739,0.0,37.87084523267055,16.75041305935322,119.59736284097721
Toria,46.97398125798914,27.452455247330576,24.05559298837962,314.29471896022784,5634.005097942513,8.892838124258923,27.649565654190965,25.31532610534169,17.187911877175743,104.15306893742847
Bengal Gram,21.158097683320037,39.13105563558622,18.399981431258823,395.5845566333257,4641.777369077528,20.139331088235156,0.0,36.04233179792509,16.993533751203593,113.26491623803825
Mustard,77.11800989655717,35.72378333456812,43.76668924328052,339.9545488916361,6743.8844099227845,14.596139966190172,73.90131006824525,36.33125794453789,42.76479345205146,123.00873636580468
Lentil,17.46933496875303,38.33633516739984,25.9921818469193,346.33376861713674,5203.225317555667,12.869231954616858,0.0,33.17368526327036,16.880009978384162,106.44559163647683
Turnip,50.31996077859981,39.074645153726046,37.93518795316073,367.1461626172323,2198.6384112734954,92.49681694561379,47.9240995451523,37.89868162557906,37.79981016545223,71.39164459379704
Field Pea,20.787414038350008,43.24561058046141,19.55613347206048,292.3771232558645,4575.735212750846,16.043271282237175,0.0,37.01838117654027,20.21486906342238,108.68703233637345
Barley,59.4633066322806,28.211360628124872,26.621780210238366,446.74978248051406,1721.426590055151,34.0312798216343,55.880010131659624,22.90633487503964,31.01305284586041,113.88075138342944
Barley,64.91456184849582,29.1264853090088,31.150045114401046,446.6887194453752,1646.8743797581974,34.44800473004043,50.93759984056274,29.51683197900733,28.469219524598167,129.43942540821865
Radish,69.1238760145712,39.10595159030997,43.52755238734585,353.1147662341912,2093.937943214029,152.7695701334597,50.16727770937126,37.157651563434364,38.45667137619953,69.1908318950908
Barley,64.40495086020636,28.030414188178334,27.148374359732813,446.3275737066471,2029.7048928235777,44.453434764440715,55.60908095351593,31.1705632429152,32.47451216694462,108.10770640183956
Lentil,20.96287717697407,37.62057116565908,18.690320285047655,389.37963769585315,6305.029564617422,10.789949673510579,0.0,34.559115593513646,19.093117852090753,125.18440107734826
Bengal Gram,17.424157432748594,38.62817846794595,17.47635210576533,321.80081324183936,5449.3978559943125,17.24286710405782,0.0,31.263520717222338,19.57674314958048,119.25805086444569
Wheat,117.76352124585992,56.52932137174487,40.04681413045704,519.1084813549916,2444.059650108113,45.629769391795705,121.89479060733566,45.777058845165534,38.4691772440496,109.25636392649304
Barley,59.51448174029756,28.080205686607897,35.578057209077464,487.04221754107124,2070.7455213151798,30.667365736010645,57.210948240666156,28.55865349200467,27.86368862098165,107.02529378210114
Turnip,53.25274852798229,46.69953016075353,40.82153923900833,305.119364721465,1959.2074713587592,81.72847884134414,48.037403608050084,30.37425752098003,35.64798907234137,71.02820564976463
Radish,62.65560862295056,43.47310316048704,39.64656967332612,356.4340396620583,2090.17046495241,156.74488157313723,56.54359775608054,30.063247915369043,34.322255855722695,68.88379384481523
Field Pea,21.275086075846957,41.42044421871903,18.951742946655127,337.7657690176043,5460.676326489269,14.838993461103495,0.0,40.44249088674952,17.59449163446946,98.35724441571324
Beetroot,62.23210929007503,33.863846593047334,41.29421745261608,321.4440667516261,2407.356481968192,128.42339465542844,58.33034663383335,34.15237049661763,36.12320548219845,94.0209795200499
Potato,115.61342831771394,90.18784584748514,111.51353062968317,564.1224727796996,1967.9977510154101,207.49358921963287,116.65387457070007,86.71499116320673,97.3818867805711,110.30499306387813
Safflower,34.98592996103881,25.294608315308786,20.107152788554977,380.2531123239028,6808.719118349142,10.043576818115971,42.83953519663905,26.94938852132454,21.583314263635934,108.49987947914482
Lentil,19.062183999049118,43.0173514376515,19.37290418129399,335.0581957165127,6173.126662579669,13.77169426444027,0.0,31.50961437385961,17.504559145651164,104.67709226398293
Carrot,75.13416300815682,57.61181521182032,63.69590949597648,360.7332131611262,2441.0010446379515,193.7134103672576,70.92036085820084,55.11364630657451,58.64655695608999,101.98214569145318
Sunflower (Rabi),59.33627097364095,41.045693680009364,29.537467485564434,412.24693102122495,3753.9583657021076,9.852190075697155,58.672680747851565,29.925320597593693,28.355132040323394,104.6265054281263
Carrot,78.04749939725588,68.23140487732745,59.288393366248854,424.54987605689854,2338.0660961808367,194.10187586513442,74.45888258103624,55.736922939701195,50.49534727372175,107.62238159750336
Carrot,78.13921543529713,58.36292160586909,57.73340231451153,472.59457532402934,2387.4684861844453,178.40261768142528,65.07755090295018,55.02995696580489,48.806662255271476,100.96222774294539
Barley,64.25529252949232,32.661032889124805,32.35339837590421,368.6395920121612,2134.776398115184,29.349080669678557,61.02486461291849,27.940756216514252,24.284320098860302,111.61251847999911
Maize (Rabi),100.76260964120709,43.958307043299634,38.60380631449723,583.609544403306,2434.7046439519445,36.366884132618154,96.34440889955675,45.10784588865813,43.144289218891664,110.8589983066983
Turnip,64.81425975812337,37.845584401026436,38.54167793436994,311.9212443647997,1906.1097193828896,92.411957172524,54.084580669134446,41.9612097822216,34.25358424037621,60.79377759146705
Lentil,18.624044216519007,40.434912965724926,19.44548578881974,399.91117954459975,4838.878592066485,11.789116628422098,0.0,29.71885154903312,19.09258106061921,104.0524348452317
Wheat,113.7820553617916,60.307649727418145,43.389065151248005,444.6171675826704,2498.878064928457,49.770504432802504,106.44594048607136,51.3110295613821,40.732004064223034,136.9386024258415
Field Pea,19.91461549987029,38.97123432640165,19.372207392830134,389.8754817057682,4937.187227510267,16.313418235922523,0.0,38.888863388460194,20.2828575196516,105.61532973412068
Chickpea,19.566630155755306,42.83217512461969,22.21008441517291,395.4926500432131,4013.909700705818,15.275448551770118,0.0,38.678642017615225,18.012799355819276,97.53102881287842
Mustard,83.15459009404834,43.34600683081339,47.75456968302418,333.9104384536324,6749.870616472015,12.75382432557612,84.00365558100769,34.04343328141011,40.61671319672459,92.08548947667884
Barley,68.95673187006295,29.286091733996376,30.069159224515655,315.0618997834524,1691.5528718675916,36.42055680793948,57.06677788407145,24.505086898310253,27.30393551282328,125.12426920372673
Potato,130.48385963057135,65.49433529225097,97.38313785246045,463.7851353679516,2134.6405815931885,237.26939009778678,105.67538196236183,76.656398852851,94.11653447394895,114.68172231585606
Bengal Gram,12.898846334577572,31.06627946237616,21.174686818708146,403.9455738034284,5372.943063302056,18.6231073098185,0.0,33.75435192972751,20.335920912768522,112.62183772554272
Linseed,36.23521127654751,32.64510781895589,21.655773976220566,305.957528348093,4849.883096882685,10.24661882415373,33.010417017835195,25.24599397341064,17.761187910429275,96.91511053313815
Bengal Gram,17.71558637627527,39.32797052933079,20.663812930385838,405.5823042563805,6304.077922558142,16.906239806516073,0.0,38.596582336611,19.627072272972953,119.91516644857377
Safflower,37.45504781079059,33.61542298247718,21.43395017081602,367.12231653799194,6727.2631881362,11.241502283006668,36.42315244449853,26.510847227831555,17.16803152503794,126.86561542264862
Potato,136.79547989150294,73.4545688367574,103.81665005739974,640.7812224136331,2210.526659373269,262.5239670638676,121.14890995277875,76.18735403444607,92.8025748659736,113.75015380205922
Field Pea,21.858159003452563,39.673204352039534,20.244758399144693,333.1620426642672,5291.577337209844,14.983888720413454,0.0,28.842970657153465,15.365729448551523,103.67983708205779
Potato,111.29989974385,84.03021866194368,110.41390120717861,345.3373499642122,1845.5524666028514,189.2895524975551,117.3030568584124,75.45787979584875,82.01197484115386,131.4124649047344
Safflower,41.09718130401603,35.587387100940546,21.280018631454524,390.27626577413577,5940.597712819793,11.40230893795161,39.20607173085977,25.158556908490947,18.370359092115372,137.19919922371577
Barley,60.1077273641176,29.531752065636006,30.052783000848525,294.20022394272905,2409.9060363892704,30.827762484908156,58.66554418728203,22.432730278522417,23.68655277706399,110.69219440846072
Potato,128.25215457816176,84.19943460695389,96.0394722665854,539.839088679244,2037.0986499707678,248.97313691924495,97.94454917453358,73.6926957574065,78.78398346649969,107.21734104226587
Sunflower (Rabi),55.78527188036526,35.94970522578385,33.11376084709299,406.18888625955634,3652.153476793195,9.62602477130809,54.4344505802001,40.800047738462155,24.577568984136818,97.27813482726778
Radish,61.08195479010861,42.55722275253679,42.56685524875404,410.5129608582997,2460.9599307536155,143.18084368991296,55.958529181099564,38.19974920553288,27.388267806510115,59.78884375827473
Oat,58.69561385945678,32.11696364193406,29.543927293339102,478.01437439912394,1814.5265676985537,38.21042018452282,57.08319152277565,25.297767439700873,27.6082262947653,122.36033923714109
Toria,39.07829556436146,29.027308616420285,20.18595981461448,325.91380959246425,5053.4236653547205,8.672598621763504,35.87029338564963,26.091806050285044,19.687657869268516,92.90401082483211
Turnip,72.40162543350951,44.58363487178982,43.96094468910317,311.91664687985843,1660.7981482237628,97.6011892539687,54.60405680041851,37.93794062431201,35.4963280858659,58.13740963252329
Carrot,69.89895847988319,46.91245509742612,61.30234115885122,337.3782870881586,2419.462978371162,224.72249691017922,79.64518232095304,47.7100237197896,50.201874056839586,107.46461673656967
Horse Gram,17.831114438539654,31.91160424205897,20.126539928137518,285.1851891798681,3771.9505176449306,8.903943506732858,0.0,25.08561189524089,15.291891734651205,130.76242615471642
Wheat,132.35217920551588,48.8438079988659,37.17957667286142,383.79065728176187,2314.585604478944,48.02900570423254,97.10765877948293,52.462791866137415,35.97193585403446,104.0063879196191
Carrot,74.80424534965346,54.228403005271126,62.49222041817623,383.95389384873334,2309.357952735245,201.22745022131636,76.97189922716593,53.69767927909585,39.164082410674915,87.58626389487671
Oat,54.53169285088233,33.57195057770622,29.03903693754766,391.74296926897443,1469.2302498457923,39.696852659811626,60.4667731605256,29.928958195500527,30.21864789560342,112.1927848745678
Turnip,60.09142137365266,38.04449467082111,47.44780150112012,335.75200892446117,2359.0582313064647,104.395815167072,44.53271461526292,38.11806733576653,32.93928327344657,66.49440149183768
Horse Gram,15.51736669555682,37.50528214526551,18.945366784513748,322.5966630830011,4430.468847066826,8.640081684609456,0.0,25.40319881745879,17.197302923672414,92.0055290194889
Turnip,60.51349679165532,34.69754483064178,40.42969839852776,319.3186381459467,2080.9420062317163,90.70637861134155,63.8398552192393,37.118349607098594,32.39719503917574,64.8097933351758
Radish,45.69400964290091,36.03029285255491,38.388619068289735,420.0851719621505,1933.8090408094597,138.04244513986163,52.56515932689769,34.01992158919935,41.47637171592737,66.81215719446088
Safflower,38.46149612620321,30.21828084205092,15.395010796941545,437.3052655728676,5576.4924551828135,10.696012664500447,38.13081856007544,25.587745755432593,14.055478868587343,137.4668320754986
Field Pea,21.948087056190065,38.43636736254256,22.65106942688439,378.5601922697924,5156.518618832415,15.977674998981515,0.0,36.02787537234569,16.60175935999323,109.59326171698434
Maize (Rabi),113.46937267487397,48.520106676984774,40.46886134767183,482.83937391784167,3040.298236080877,40.6225577257103,94.35780485686627,39.44561838594799,31.563858175699508,108.21032846080226
Linseed,40.64573825063331,29.553079312835095,17.984947715292613,328.09420086480054,5710.376551989809,10.254400143315333,35.45888437947977,25.913423265434297,18.775180049180566,128.08966744636382
Linseed,37.91199951082568,29.25115727806708,20.860730569281756,335.5342656424261,5572.254392016702,10.246536824335923,34.94217050735587,26.04049150003231,17.429485999364882,123.72282701916058
Barley,65.94319491363368,31.640308644639102,25.210913894135732,533.319439611221,2108.9051827691505,39.82152913672898,62.40139804795122,23.19010688117478,29.466011805091245,99.34269493807119
Safflower,38.522358622024235,26.836053715189838,21.060686668535855,341.5191993356032,6362.275691894627,10.870810286864497,31.9174325678819,23.99376775707435,18.039386258855306,117.63275735393987
Bengal Gram,22.515014788776675,39.75602248726246,19.2615176617891,293.9398601497974,5485.77406822609,20.38047558589159,0.0,33.91051260616227,16.34789692760456,131.48383215492495
Bengal Gram,19.006766689477463,33.01691548301195,17.718684914853423,350.071378367326,6377.430698303477,17.35246368992923,0.0,38.24453671935056,22.89132355429764,93.77330761105061
Chickpea,19.2327225975881,44.3569667410823,16.391797204029793,333.83251051240563,6057.141638314917,17.724324535940017,0.0,39.77346204327042,17.961469991848816,114.12346732748594
Radish,69.47562113977101,35.25942108173421,44.95803554438737,344.2369167448019,2230.887854128457,144.94829121756922,51.080108586610095,38.81241764571046,39.59277006001684,70.64500019686253
Field Pea,16.123381821687897,32.21125959653042,20.597065396249405,289.71115611798535,4503.5557481774695,16.037704908437693,0.0,27.79476496070776,15.208235255485276,97.33654959650181
Bengal Gram,19.798132405521265,39.43127104676517,19.504030565885,312.86179704256864,5936.983894472064,21.059882140632997,0.0,41.44300628617518,19.73007088968497,119.71613529975491
Linseed,39.74297607115974,25.48939898089975,16.74953253279053,405.80746962199646,6111.664011265966,10.316460650903444,35.81527699371816,25.15903188994447,18.56436056787654,119.64707805034217
Maize (Rabi),115.62059347676981,64.35937358499483,38.33589676537811,387.60888466800327,2582.872881509423,33.82560514129118,86.17973781037341,36.14778346970049,46.10307130162242,119.17423922498897
Chickpea,18.035431814940914,38.08653354158083,23.102452150404265,391.7396068145588,6463.325252541228,16.180267208317307,0.0,30.535481340318498,21.558882788267717,95.50821406377348
Safflower,40.63929108566363,26.39452197600596,21.506315524628636,382.874757775054,6030.17947250969,10.631907136374432,32.85490420654121,27.65714221487315,19.596737968502104,123.48480749636133
Maize (Rabi),105.29283514707845,49.2344332110371,46.42149787775985,502.5575803336631,2545.3558320306242,43.03308232248807,95.77820674347578,41.72174691696394,42.131956385248564,97.23665235538864
Potato,119.75318147131203,72.6448791732164,108.2726114363036,520.284839126969,2100.421276637955,307.0389028940888,120.03074743297536,61.81993099145497,93.18940550220114,142.16123946575428
Radish,58.65390737696059,39.083171111146896,39.34279759274024,298.1280870102197,2141.3184316001934,160.12811811022868,56.36945648643261,35.361105952940235,36.48878127097301,68.05297927524028
Lentil,19.577626700780456,42.479122627378125,21.791297845481953,395.7312443569052,5300.983707371411,13.496328601245109,0.0,39.6902997560321,18.24671175128919,106.8312567276003
Carrot,85.09588035232223,72.41726888209195,55.41808084175218,366.2216239207514,2844.4870618274176,213.925005164545,73.05098863929655,57.28793180877794,50.61835897503201,85.06128895114465
Field Pea,18.798446421842137,41.57429165120638,17.574217291126548,416.40927521403376,5647.449835640804,15.544947427981421,0.0,36.19243552530199,18.276362165758645,108.72241098101242
Sunflower (Rabi),64.38992610061268,34.52302667401271,28.892757042170054,408.58167661402837,4091.2545248922356,11.902116563632656,59.16850729182714,32.96870655849804,25.843828052256395,112.00203563183038
Safflower,43.43195856483352,26.14097452610961,19.602215303350633,397.389192157916,6055.205502109889,10.066441008599998,43.231635678026954,23.967807578228733,16.371936078964605,122.03070396879906
Wheat,124.43589356104576,70.28551806601753,39.667897486642104,454.41898217466115,1964.3889056748092,43.682956453680475,99.92989295420247,40.75618720796939,35.863620120617874,97.158795516005
Lentil,19.522849913481842,37.01129072890864,22.94280306335556,350.4427090105095,5463.923132975663,13.664629152035474,0.0,34.62611684328853,19.027881330783934,123.7871947404712
Barley,47.341552151796364,35.826818476322,33.63884893097922,359.76286364701775,2108.7449736550966,39.65134102459562,63.83206290012872,27.9271290317302,29.2327927540601,100.87973546809589
Carrot,81.4789628253666,65.02972448839424,48.2907159666137,337.2010077718809,2746.6132986999864,204.88387387131925,72.50347044834301,49.0085028293639,61.47791139597525,99.08277200982505
Chickpea,19.40904057003584,40.911259724332325,21.399263995800645,338.68800389541195,5605.5072160545915,14.798935058850244,0.0,36.10215712161947,19.475026923059897,114.83559706922665
Toria,42.265436140313234,31.38078690870416,23.19388066073637,350.98788742589744,4672.339527738692,8.523302950244334,35.403104353442494,25.536971361725513,18.147384578754505,100.51254198779844
Safflower,41.637184647987816,30.480073376407447,20.147169694678787,304.50619746078075,5762.974629410799,10.215678423263315,42.62726374273397,28.033763831459726,16.509894825002824,126.76612624194385
Chickpea,20.009948657163644,40.58468994627101,17.335332304817705,433.97829448169745,5910.9860032755305,17.56381120470387,0.0,37.377222146389855,16.308587669432764,81.08349372252982
Toria,39.105477781229574,32.044283555964704,20.139525117658916,357.97280834077253,5115.682760859038,7.95468655962777,40.12025236204745,24.336872617302856,14.657138481049879,95.41716413221327
Sunflower (Rabi),65.26104719465522,38.29468122241905,34.79833686870404,452.6090936975045,3717.63466722124,13.190299277876072,62.52536434537448,38.065189879246255,27.331319581434343,98.97941875055487
Barley,58.788649649202355,32.41353293425192,30.439398631552553,405.9092593286092,2095.5721853104665,34.50960067255559,56.07017429129525,26.042025580808012,30.874308417071468,130.69557239287997
Linseed,43.17216636787989,34.282060198059554,22.264696365653837,417.29116440185896,5444.121054336244,11.746624330811517,36.225376171315496,24.763643042622792,18.674190843200844,143.06183789301474
Fenugreek,19.204417230009806,38.92855141563558,19.949747025043653,301.3560291041621,3846.8935264413158,10.16770945486806,0.0,36.386111100557436,20.596609622423674,96.02251250931961
Fenugreek,21.048981624076678,35.31916171497269,21.03269752192415,252.96398403625483,3676.0468699921666,10.515766702720331,0.0,39.92143239671342,19.142889062263247,96.43930543147589
Horse Gram,21.84778358431229,27.002978921921247,21.484591592761923,311.9349485704138,4261.021761206144,9.804598103126384,0.0,27.072535483638475,16.75281903347582,108.89646177500572
Mustard,73.75729424581137,42.228093551011405,43.312125231853486,364.7057231786231,6698.984221447131,14.48994023072564,61.39281561430086,35.06208135709875,40.252607814647114,124.39715415246614
Lentil,19.011062890697293,40.322033317393014,16.35294307721651,348.0225595721778,4895.504358301469,12.60647592781179,0.0,30.955260791957862,21.080031685715024,112.08448915577509
Lentil,20.38879533614095,45.975156205229084,18.631066391574084,366.06994073764116,5624.434993866822,10.9848484242995,0.0,36.72510056913285,16.395832522858058,98.7654515637924
Toria,45.74011659690944,35.36838499619792,22.00940809365934,363.05533806631627,4755.38339302957,7.565230762641307,43.23653008323733,28.50340008741473,19.389018270102213,107.0188702585687
Toria,37.16884727033643,29.807050864770538,20.47785830718502,275.88909520275854,6079.031339310784,7.721968891188632,38.110136776996605,29.058515627603835,21.635330521900368,111.26828101227878
Safflower,40.205600860650286,29.72192867009798,18.07035906817942,429.20979912272827,5171.808222573724,10.097713464491322,38.797182093310894,30.825779725914288,18.140160746189547,134.22706565511655
Wheat,101.95084910474117,52.0412576762707,38.58547665206063,438.4149759302263,2512.3667047260274,45.38167530181502,123.52228581888498,56.73408409687054,36.01746034387582,119.1558030885734
Beetroot,61.26092493117643,45.25264120485298,32.20873471875403,331.23116429104374,2629.293927310331,106.1833750021515,70.90487555796449,35.66752763789765,40.44740298409499,90.17841312113377
Field Pea,19.313962211315328,36.11634826260654,18.72165444490502,386.3676165891067,5308.171877694564,18.698369488216954,0.0,29.01040371114095,18.48119197490769,113.9111301959229
Beetroot,63.98413930909109,45.009673936907106,47.354236536039025,343.9703987462774,2351.440830022609,130.35286220879468,56.47485318164692,39.79045464571598,32.876871785085754,99.27074148525355
Bengal Gram,21.04809465497458,41.37030131317114,19.95147657592171,317.99044498187135,5191.661355748778,21.236727628834597,0.0,32.24489265306032,18.56473699850219,89.0584625645322
Carrot,93.02634539370743,54.848173125718844,61.11198492145055,363.1228870635104,2282.4001187644676,187.60831519823492,70.7364598274651,51.969227060793266,62.27588551618745,73.55653909117247
Beetroot,70.61813953191943,40.17154960442781,41.95387084935832,326.8130209243361,2084.662678007327,111.82971537740784,45.68178528791787,35.527496568861615,42.99761839216964,85.48078803930835
Fenugreek,23.356045142599562,44.874210093534785,20.786010084406783,320.1563475112916,4024.5349884572006,12.511289743207877,0.0,37.74210037629243,19.26923171731336,80.89585873575058
Oat,64.4046315707411,26.50688292568999,30.60759568670255,428.40136043404243,1995.2254939322117,36.959099802079756,49.56270739698205,26.15846204199015,29.869347366010913,96.11093124186603
Bengal Gram,22.005070844993394,36.73671460332989,18.498436894038623,325.5596260754895,5355.425595460251,15.458250104978276,0.0,38.62070169086683,16.265223792930247,124.12302334853705
Maize (Rabi),112.22414397203855,53.1996376994141,45.800685399504616,482.59791880596913,2347.5564069876264,36.0187074693019,96.05088336801174,42.86292733932167,36.034635162217455,126.76614159549996
